participant,trial,cashIn,pop,totalTokens,pressCount,tokensGained,duration,reactionTime
2,1,0,0,NA,1,1,0.16703104980000028,0.8796069622000005
2,1,0,0,NA,2,1,0.08341717719999941,0.2337989806999996
2,1,0,0,NA,3,1,0.10025095939999851,0.13359785080000108
2,1,0,0,NA,4,1,0.0667459964999999,0.15033507340000085
2,1,0,0,NA,5,1,0.10017704959999918,0.11695003510000035
2,1,0,0,NA,6,1,0.06675291059999999,0.11687397960000112
2,1,0,0,NA,7,1,0.10014820099999966,0.13360095029999997
2,1,0,0,NA,8,1,0.08341312409999979,0.11697888369999987
2,1,0,0,NA,9,1,0.10013508790000003,0.11698579789999997
2,1,0,0,NA,10,1,0.10022306439999973,0.1169199943999999
2,1,0,0,NA,11,1,0.08345484730000052,0.1502850056000007
2,1,0,0,NA,12,1,0.10019493110000077,0.21715116499999887
2,1,0,0,NA,13,1,0.06686210629999856,0.16689491270000012
2,1,0,0,NA,14,1,0.10025095940000028,0.1502330303000008
2,1,0,0,NA,15,1,0.0834600924999993,0.13358092310000025
2,1,0,0,NA,16,1,0.08343505859999922,0.15036892890000075
2,1,0,0,NA,17,1,0.10014486310000059,0.15034604080000058
2,1,0,0,NA,18,1,0.10027003289999925,0.11687207219999962
2,1,0,0,NA,19,1,0.08344793319999866,0.16697096820000112
2,1,0,0,NA,20,1,0.10018205640000133,0.1335821151999994
2,1,0,0,NA,21,1,0.10005497939999941,0.16712689399999903
2,1,0,0,NA,22,1,0.10014104840000115,0.13366198539999985
2,1,0,0,NA,23,1,0.10023903849999982,0.16703200339999924
2,1,0,0,NA,24,1,0.06683993339999716,0.1836650371000026
2,1,0,0,NA,25,1,0.06674504280000093,0.21704888350000218
2,1,0,0,NA,26,1,0.050004005399998164,0.46764707559999863
2,1,0,1,27,26,1,0.0501241684,NA
2,2,0,0,NA,1,1,0.0333352089000023,0.08611488349999874
2,2,0,0,NA,2,1,0.10012292869999939,0.21714186659999868
2,2,0,0,NA,3,1,0.13366699219999845,0.16298604010000162
2,2,0,0,NA,4,18,2.6051177979,0.11691117280000185
2,2,0,0,NA,5,1,0.10019707680000067,0.21703505509999843
2,2,0,0,NA,6,1,0.0332629680000025,0.15038204199999683
2,2,1,0,23,6,1,1.152138948400001,1.1188759803999986
2,3,0,0,NA,1,1,0.06672883030000065,0.2090210914999986
2,3,0,0,NA,2,7,1.1857130527000024,0.27993106849999805
2,3,0,0,NA,3,2,0.4666860103000019,0.051012039199996195
2,3,0,0,NA,4,10,1.6030688286000014,0.1836709976999984
2,3,0,0,NA,5,1,0.1335809229999967,0.1836540699000011
2,3,0,0,NA,6,1,0.11686205859999887,0.13367009170000443
2,3,0,0,NA,7,1,0.13354802140000288,0.11688899989999868
2,3,0,0,NA,8,1,0.3673620224000018,0.13362002369999715
2,3,0,0,NA,9,1,0.11697483060000025,0.20042395589999984
2,3,0,0,NA,10,1,0.16705012319999923,0.233669042599999
2,3,0,0,NA,11,1,0.10018301010000386,0.28384685519999664
2,3,1,0,27,11,1,1.0688090324000044,0.9686260223000005
2,4,0,1,8,0,8,1.2485220431999977,NA
2,5,0,1,9,0,9,1.3654129505000014,NA
2,6,0,0,NA,1,1,0.2170679568999958,1.4359710215999968
2,6,0,0,NA,2,1,0.23363518719999377,0.3675220013000029
2,6,0,0,NA,3,6,1.0353779792000068,0.5844619273999996
2,6,0,0,NA,4,4,0.8016228676000026,0.3339750766999998
2,6,0,0,NA,5,5,0.9184129238000054,0.2671680450999929
2,6,0,0,NA,6,4,0.7848320006999927,0.2337961197000027
2,6,0,0,NA,7,1,0.13353705410000316,0.2505409717000049
2,6,0,0,NA,8,1,0.11680698400000722,0.18380188939998732
2,6,0,0,NA,9,1,0.10034108160000699,0.1669449805999932
2,6,0,0,NA,10,1,0.13360905650000632,0.4173810481999993
2,6,0,0,NA,11,1,0.1335098739999978,0.2505149840999934
2,6,0,0,NA,12,1,0.06675100299999315,0.2672479160000023
2,6,0,0,NA,13,1,0.1000778670000102,0.23387718200000052
2,6,0,0,NA,14,1,0.06679296500000476,0.23379802699999175
2,6,0,0,NA,15,1,0.10027289399999972,0.3006100660000044
2,6,0,0,NA,16,1,0.1000578409999946,0.36742019599999765
2,6,0,0,NA,17,1,0.13352799400000492,0.2673020360000038
2,6,1,0,32,17,1,1.1188039780000025,0.9852759839999976
2,7,0,0,NA,1,1,0.1630580430000066,0.3058459759999863
2,7,0,0,NA,2,10,1.5698170659999988,0.3506689069999993
2,7,0,0,NA,3,1,0.1168360710000087,1.0353319649999975
2,7,0,0,NA,4,5,0.9684791560000008,0.25052785900000174
2,7,0,0,NA,5,1,0.13359284399999183,0.2505660059999997
2,7,0,0,NA,6,1,0.10026884100000188,0.1001090999999974
2,7,0,0,NA,7,1,0.1336770059999992,0.10012507400000459
2,7,0,1,21,7,1,0.05005192800000202,NA
2,8,0,0,NA,1,1,0.25056600599998546,0.788921117000001
2,8,0,0,NA,2,5,0.8849859240000058,0.2838070390000098
2,8,0,0,NA,3,5,0.8350100520000012,0.3006560799999818
2,8,0,0,NA,4,1,0.13368082100001288,0.5843529699999976
2,8,0,0,NA,5,1,0.16700911600000268,0.21699499999999716
2,8,0,0,NA,6,1,0.1672210689999929,0.18372487999999976
2,8,0,0,NA,7,1,0.10026598000001741,0.13334798799999703
2,8,0,0,NA,8,1,0.15029597200000921,0.25041604099999404
2,8,0,0,NA,9,1,0.13354015299998423,0.20041799599999877
2,8,0,0,NA,10,1,0.1169350149999957,0.6178448200000162
2,8,0,0,NA,11,1,0.13367605199999844,0.2671461109999882
2,8,0,0,NA,12,1,0.13350391400001627,0.2672109599999999
2,8,0,0,NA,13,1,0.1502549649999878,0.25061011299999336
2,8,0,0,NA,14,1,0.15023493799998278,0.2505030630000249
2,8,0,0,NA,15,1,0.13349986000000058,0.18370699900000886
2,8,0,0,NA,16,1,0.10029506600000104,0.21710801199998286
2,8,0,0,NA,17,1,0.11687707900000532,0.2003469470000141
2,8,0,0,NA,18,1,0.10013890300001549,0.26720404599998915
2,8,0,0,NA,19,1,0.13355016700000988,0.2171609399999852
2,8,1,0,27,19,1,1.1021311290000142,0.9685809620000043
2,9,0,0,NA,1,1,0.16699790900000266,1.3344781399999874
2,9,0,0,NA,2,1,0.23374390600000083,0.3005890849999844
2,9,0,0,NA,3,8,1.2357621189999861,0.28384590200002435
2,9,0,0,NA,4,1,0.16695809399999462,0.26720190000000343
2,9,0,0,NA,5,1,0.11684584700000755,0.20042204800000718
2,9,0,0,NA,6,1,0.11689495999999622,0.13366818399998692
2,9,0,0,NA,7,1,0.26719403300000977,0.083468914000008
2,9,0,0,NA,8,1,0.1337008480000179,0.18361306199997784
2,9,0,0,NA,9,1,0.08351993499999821,0.16687917699999844
2,9,0,0,NA,10,1,0.10017299699998716,0.10019898400000216
2,9,0,0,NA,11,1,0.133578061999998,0.1336719990000006
2,9,0,0,NA,12,1,0.10028481499998065,0.11680603000002066
2,9,0,0,NA,13,1,0.10017395000002693,0.15030407899999432
2,9,0,0,NA,14,1,0.13369202600000563,0.18368601799997464
2,9,0,0,NA,15,1,0.11691713300001538,0.1502089509999962
2,9,0,0,NA,16,1,0.10025000600001022,0.15022683099999767
2,9,0,0,NA,17,1,0.10028314600000954,0.18362903599998504
2,9,0,0,NA,18,1,0.10013103500000398,0.20033192599998983
2,9,0,0,NA,19,1,0.10015010800000823,0.2004559039999947
2,9,0,0,NA,20,1,0.10014891700001272,0.16707897199998456
2,9,0,0,NA,21,1,0.1335940360000052,0.2337861059999966
2,9,0,0,NA,22,1,0.10018801699999358,0.20035982100000638
2,9,0,0,NA,23,1,0.13356590300000448,0.16705918299999212
2,9,0,0,NA,24,1,0.13361501600002157,0.15027999899999145
2,9,0,0,NA,25,1,0.11688494699998841,0.16697692899998628
2,9,0,0,NA,26,1,0.10028600699999402,0.18364000300002203
2,9,0,0,NA,27,1,0.13355898800000432,0.21710300499998425
2,9,0,0,NA,28,1,0.10029101400002105,0.2838101389999963
2,9,1,0,35,28,1,0.9018690580000168,0.8015780439999958
2,10,0,1,4,0,4,0.747572899000005,NA
2,11,0,0,NA,1,12,1.8329339029999971,0.3063352099999861
2,11,0,0,NA,2,1,0.13349700000000553,0.3006639479999933
2,11,0,0,NA,3,1,0.10023903900000164,0.1169240469999977
2,11,0,0,NA,4,1,0.06680393299998855,0.10010695400001168
2,11,0,0,NA,5,1,0.06679201099998977,0.10029315900001734
2,11,0,0,NA,6,1,0.10021805800002426,0.11685085299998832
2,11,0,0,NA,7,1,0.08346700699999587,0.08345007899998791
2,11,0,0,NA,8,1,0.09997010199998613,0.10048389400000701
2,11,0,0,NA,9,1,0.10014104800001178,0.08353281099999776
2,11,0,0,NA,10,1,0.10011696799998049,0.13365316400000893
2,11,0,0,NA,11,1,0.1002008920000037,0.11686801900000887
2,11,0,0,NA,12,1,0.0667479040000103,0.15034699399998885
2,11,0,0,NA,13,1,0.08359217600002466,0.13363099099998976
2,11,0,0,NA,14,1,0.06678295199998274,0.1335279939999907
2,11,0,0,NA,15,1,0.10016202900001758,0.15032506000000012
2,11,0,0,NA,16,1,0.06679201100001819,0.13361000999998396
2,11,0,0,NA,17,1,0.06683206600001768,0.16696691499998906
2,11,0,0,NA,18,1,0.06682705900001906,0.15018081699997765
2,11,0,0,NA,19,1,0.0668489930000078,0.16705012299999566
2,11,0,0,NA,20,1,0.10027289399999972,0.1835539339999741
2,11,0,0,NA,21,1,0.06679701799998838,0.133615017000011
2,11,0,0,NA,22,1,0.06685209299999428,0.18358993500001475
2,11,0,0,NA,23,1,0.0668001180000033,0.16699600199999054
2,11,0,0,NA,24,1,0.0836570270000152,0.18381285600000297
2,11,0,0,NA,25,1,0.13363099099998976,0.23346996300000455
2,11,0,0,NA,26,1,0.11690807299999051,0.25042605400000184
2,11,0,0,NA,27,1,0.10015010799997981,0.20042085700001167
2,11,0,0,NA,28,1,0.10029506699999047,0.3172760010000104
2,11,0,0,NA,29,1,0.10031580900002268,0.30048298799999884
2,11,0,0,NA,30,1,0.13367891300001133,0.21698021899999276
2,11,0,0,NA,31,1,0.06673288400000388,0.3841140269999812
2,11,1,0,42,31,1,1.0519280439999932,0.9851951599999893
2,12,0,0,NA,1,1,0.23381590799999685,0.08518099799999845
2,12,0,0,NA,2,10,1.6325559619999979,0.26711607000001436
2,12,0,0,NA,3,17,2.471493004999985,0.5009391309999955
2,12,0,0,NA,4,1,0.15032100700000228,0.30054783799999996
2,12,0,0,NA,5,5,0.8516161439999905,0.634613991000009
2,12,0,0,NA,6,1,0.13361406300001022,0.2671878339999978
2,12,0,0,NA,7,4,0.7347581390000073,0.4842889310000089
2,12,0,1,40,7,1,0.03338193900000874,NA
2,13,0,0,NA,1,1,0.16705799100000007,0.9752869606000001
2,13,0,0,NA,2,4,0.7847590447000012,0.25049901009999864
2,13,0,0,NA,3,4,0.7180840969000002,0.33407592769999894
2,13,0,0,NA,4,4,0.8182528017999999,0.3172500134000007
2,13,0,0,NA,5,1,0.1670129298999985,0.30051922800000064
2,13,0,0,NA,6,1,0.10026693350000038,0.250458955800001
2,13,0,0,NA,7,1,0.10019183160000011,0.23380613319999988
2,13,0,0,NA,8,1,0.0835030078999992,0.25045299529999987
2,13,0,0,NA,9,1,0.11686491969999935,0.28389906880000026
2,13,0,0,NA,10,1,0.11690998069999914,0.26714921000000125
2,13,0,0,NA,11,1,0.10029697420000261,0.21705794339999862
2,13,0,0,NA,12,1,0.15030217179999994,0.23369193069999739
2,13,0,0,NA,13,1,0.13370418550000096,0.2170708179000016
2,13,0,0,NA,14,1,0.06681203840000194,0.18359088899999776
2,13,0,0,NA,15,1,0.1336300372999979,0.2504949570000008
2,13,0,0,NA,16,1,0.1335580348999983,0.21713805190000102
2,13,0,0,NA,17,1,0.11689901350000298,0.23370194439999992
2,13,0,0,NA,18,1,0.13361907000000173,0.20044493679999675
2,13,0,0,NA,19,1,0.13356494900000015,0.2504539490000006
2,13,0,0,NA,20,1,0.1336050033999996,0.1336090564999992
2,13,0,0,NA,21,1,0.10017895700000068,0.23377108569999905
2,13,0,0,NA,22,1,0.11686897279999897,0.26728200910000055
2,13,0,0,NA,23,1,0.10022401810000048,0.2503988743000001
2,13,0,0,NA,24,1,0.08353304859999966,0.21708703040000188
2,13,0,0,NA,25,1,0.11691093450000167,0.2504799365999979
2,13,0,0,NA,26,1,0.1169180869999984,0.2170960903000001
2,13,1,0,35,26,1,0.9685120581999982,0.8515939711999998
2,14,0,0,NA,1,13,1.920398950500001,0.9492051602000018
2,14,0,0,NA,2,1,0.08358407019999703,0.28375697140000256
2,14,0,0,NA,3,1,0.03343105310000283,0.11685585979999757
2,14,0,0,NA,4,1,0.23384809499999903,0.15022897720000117
2,14,0,0,NA,5,1,0.13360285760000323,0.2169640063999978
2,14,0,0,NA,6,1,0.06682682039999577,0.15029215810000096
2,14,0,0,NA,7,1,0.10031104090000298,0.13368415829999947
2,14,0,0,NA,8,1,0.06687116620000211,0.13337683679999657
2,14,0,0,NA,9,1,0.1001479625999977,0.15025401110000303
2,14,0,0,NA,10,1,0.10025310520000374,0.11692190169999606
2,14,0,0,NA,11,1,0.10016703599999488,0.13356685640000165
2,14,0,0,NA,12,1,0.10023713109999477,0.11691498760000485
2,14,0,0,NA,13,1,0.10019898409999684,0.15023088460000622
2,14,0,0,NA,14,1,0.10020899770000824,0.2505090236999976
2,14,0,0,NA,15,1,0.10018706319999637,0.20035791399999425
2,14,1,0,27,15,1,0.9183981417999973,0.818211078600001
2,15,0,1,27,0,27,3.8741540911999977,NA
2,16,0,0,NA,1,29,4.1746621132,0.6589429378000009
2,16,0,0,NA,2,1,0.15030694009999834,0.4675929546000006
2,16,1,0,30,2,1,1.235784053799998,1.0854771136999997
2,17,0,1,19,0,19,2.7219729429999973,NA
5,1,0,0,NA,1,1,0.0833678244999998,0.9901850224000004
5,1,0,0,NA,2,1,0.06672501570000122,0.06668496130000001
5,1,0,0,NA,3,1,0.033402204499999755,0.11657500269999943
5,1,0,0,NA,4,1,0.033344030400000335,0.1000077723999997
5,1,0,0,NA,5,1,0.06674003600000056,0.06659603119999957
5,1,0,0,NA,6,1,0.06677389150000046,0.06655907629999902
5,1,0,0,NA,7,1,0.06667304039999955,0.06653809540000033
5,1,0,0,NA,8,1,0.03336215020000033,0.10003781320000016
5,1,0,0,NA,9,1,0.06672620770000037,0.0999288559
5,1,0,0,NA,10,1,0.03336596489999977,0.08329296109999973
5,1,0,0,NA,11,1,0.03330397609999913,0.10000705720000092
5,1,0,0,NA,12,1,0.20002698900000127,0.3500139712999992
5,1,0,0,NA,13,1,0.033375978500000514,0.08328390119999973
5,1,0,0,NA,14,1,0.06670188900000085,0.06661820409999919
5,1,0,0,NA,15,1,0.033333063100000615,0.10000395779999849
5,1,0,0,NA,16,1,0.06667089459999964,0.08341002470000092
5,1,0,0,NA,17,1,0.05012583730000131,0.3832170962999992
5,1,0,0,NA,18,1,0.06669092179999936,0.0665662288999993
5,1,0,0,NA,19,1,0.06671690940000019,0.049988031399999855
5,1,0,0,NA,20,1,0.03338003160000014,0.09988403320000039
5,1,0,0,NA,21,1,0.03346586229999993,0.09995603559999999
5,1,0,0,NA,22,1,0.06661009789999994,0.08329606050000038
5,1,0,0,NA,23,1,0.03340601920000097,0.1666598319999988
5,1,0,0,NA,24,1,0.050021171499999184,0.3499219417999999
5,1,0,0,NA,25,1,0.11663603780000287,0.2667319774999992
5,1,0,0,NA,26,1,0.0832769871000032,1.283324003199997
5,1,0,0,NA,27,1,0.0666739941000003,0.10006499289999837
5,1,0,0,NA,28,1,0.10009193419999818,0.06660699840000106
5,1,1,0,28,28,1,0.3833079337999976,0.28321599959999944
5,2,0,0,NA,1,1,0.033326148999996974,0.4998750686000015
5,2,0,0,NA,2,1,0.033287048300000066,0.1167058945000008
5,2,0,0,NA,3,1,0.03327989570000156,0.08342504510000026
5,2,0,0,NA,4,1,0.06673789030000066,0.09989809989999898
5,2,0,0,NA,5,1,0.033303975999999125,0.06670904159999935
5,2,0,0,NA,6,1,0.033299923000001286,0.10000300409999952
5,2,0,0,NA,7,1,0.03344011310000283,0.0999720095999983
5,2,0,0,NA,8,1,0.06662201879999685,0.09996986390000018
5,2,0,0,NA,9,1,0.03330302239999838,0.08334016800000299
5,2,0,0,NA,10,1,0.03335809709999893,0.0833718776000012
5,2,0,0,NA,11,1,0.033418893800000404,0.09991097449999842
5,2,0,0,NA,12,1,0.03343510630000068,0.09994101530000066
5,2,0,0,NA,13,1,0.03328895569999801,0.09996199600000111
5,2,0,0,NA,14,1,0.0333919525000006,0.09997200970000009
5,2,0,0,NA,15,1,0.03337788580000023,0.09992909429999841
5,2,0,1,16,15,1,0.03335905069999967,NA
5,3,0,0,NA,1,1,0.05010294920000291,0.2986500262999954
5,3,0,0,NA,2,1,0.033365011200004346,0.09996104239999681
5,3,0,0,NA,3,1,0.050128936799993085,0.11655497550000149
5,3,0,0,NA,4,1,0.05013513560000149,0.0831849575000021
5,3,0,0,NA,5,1,0.03334498399999575,0.0999169350000031
5,3,0,0,NA,6,1,0.06266903870000107,0.11665892610000128
5,3,0,0,NA,7,1,0.0666971205999971,0.06672000889999907
5,3,0,0,NA,8,1,0.2000248432000049,0.08324599270000022
5,3,0,0,NA,9,1,0.03336691860000229,0.06673216819999794
5,3,0,0,NA,10,1,0.03332781799999651,0.11667108529999837
5,3,0,0,NA,11,1,0.033265829100002975,0.11666417120000006
5,3,0,0,NA,12,1,0.03335905069999967,0.11666011810000043
5,3,0,0,NA,13,1,0.0334410667999947,0.08326983450000114
5,3,0,0,NA,14,1,0.03337192539999734,0.3498830795000032
5,3,0,0,NA,15,1,0.10003805160000212,0.09997797009999942
5,3,0,0,NA,16,1,0.09997105600000111,0.3500199317999986
5,3,0,0,NA,17,1,0.033451080299997216,0.18331193920000288
5,3,0,0,NA,18,1,0.09997987749999737,0.6166250706000014
5,3,0,0,NA,19,1,0.03327512739999605,0.24999499320000496
5,3,0,0,NA,20,1,0.033320903799996415,0.30005002020000404
5,3,0,0,NA,21,1,0.033317089100002306,0.29998993870000135
5,3,0,0,NA,22,1,0.033362865400000885,0.11668801309999566
5,3,0,0,NA,23,1,0.033261060699999234,0.11679816250000385
5,3,0,0,NA,24,1,0.03331899639999847,0.09991478919999963
5,3,0,0,NA,25,1,0.06681990629999746,0.38332319260000247
5,3,0,0,NA,26,1,0.050004005399998164,0.2665340900000004
5,3,0,0,NA,27,1,0.06670188910000263,0.06662797930000153
5,3,0,0,NA,28,1,0.03328514100000035,0.05003595350000012
5,3,0,0,NA,29,1,0.04996609690000042,0.35006594649999556
5,3,0,0,NA,30,1,0.06667494780000283,0.08336997029999793
5,3,0,0,NA,31,1,0.033312082300000156,0.18331193920000288
5,3,0,0,NA,32,1,0.033353090199994995,0.21663188939999856
5,3,0,0,NA,33,1,0.03335309029999678,0.08334493640000318
5,3,1,0,33,33,1,0.7834000587999981,0.7500469685000013
5,4,0,0,NA,1,1,0.07931900029999639,0.431648016000004
5,4,0,0,NA,2,1,0.033363819099996306,0.0834021568000054
5,4,0,0,NA,3,1,0.033278942099997266,0.1166892052000037
5,4,0,0,NA,4,1,0.0332901478000025,0.11668491359999678
5,4,0,0,NA,5,1,0.033342123099998844,0.2166597842999991
5,4,0,0,NA,6,1,0.03341102600000312,0.06660795210000003
5,4,0,0,NA,7,1,0.033458948099998054,0.09997510910000074
5,4,0,0,NA,8,1,0.03344106670000002,0.11648797990000048
5,4,0,0,NA,9,1,0.03336095810000472,0.09989094739999871
5,4,0,0,NA,10,1,0.033360004499996876,0.11669802659999817
5,4,0,0,NA,11,1,0.03339409830000051,0.09991693490000131
5,4,0,0,NA,12,1,0.03325104710000204,0.11672496799999976
5,4,0,0,NA,13,1,0.05007600780000132,0.10002994539999577
5,4,0,0,NA,14,1,0.03343915940000386,0.08321785929999947
5,4,0,0,NA,15,1,0.033293008799994084,0.09993600840000028
5,4,0,0,NA,16,1,0.04994392400000436,0.2500510216000009
5,4,0,0,NA,17,1,0.033411025999996014,0.09997606270000148
5,4,0,0,NA,18,1,0.06678390499999409,0.08329796800000366
5,4,0,0,NA,19,1,0.03337097170000192,0.06652498240000426
5,4,0,0,NA,20,1,0.03338289269999706,0.1166591643999979
5,4,0,0,NA,21,1,0.06660509110000135,0.13330197330000004
5,4,0,0,NA,22,1,0.050081968300006,1.2999980449999953
5,4,0,0,NA,23,1,0.033293962399994825,0.183372974400001
5,4,0,0,NA,24,1,0.03339290620000668,0.11658406259999765
5,4,0,0,NA,25,1,0.03330302240000549,0.08340811729999587
5,4,0,0,NA,26,1,0.06664299959999198,0.1666648388000027
5,4,1,0,26,26,1,0.09990406029999122,0.033261060699999234
5,5,0,0,NA,1,1,0.05005598069999451,0.6046099663000035
5,5,0,0,NA,2,1,0.0333271026999995,0.11673784250000097
5,5,0,0,NA,3,1,0.03336620330000528,0.09992289539999888
5,5,0,0,NA,4,1,0.06670308109998757,0.06659293180000248
5,5,0,0,NA,5,1,0.06671309470000608,0.05005478860000778
5,5,0,0,NA,6,1,0.03340601920000097,0.09992599489999066
5,5,0,0,NA,7,1,0.049978017800000885,0.09998893739999914
5,5,0,0,NA,8,1,0.03335213659998715,0.08337092400000756
5,5,0,0,NA,9,1,0.033322095900004456,0.0832519531000031
5,5,0,0,NA,10,1,0.033364057500008926,0.10002183909999474
5,5,0,0,NA,11,1,0.03332304959999988,0.09994006159999458
5,5,0,0,NA,12,1,0.033412933400001066,0.08327794070000039
5,5,0,0,NA,13,1,0.03336000439999509,0.08328914640000562
5,5,0,0,NA,14,1,0.03329300880000119,0.08335781099999906
5,5,0,0,NA,15,1,0.033274889000011854,0.10007214539999154
5,5,0,0,NA,16,1,0.03342294689998937,0.08329701430000114
5,5,0,0,NA,17,1,0.03332185749999894,0.09997415540000532
5,5,0,0,NA,18,1,0.13338017459999207,1.0666439533000016
5,5,0,0,NA,19,1,0.03330802920000053,0.050014972700012095
5,5,0,0,NA,20,1,0.03335499770000183,0.1333079337999976
5,5,0,0,NA,21,1,0.20003914830000724,0.09999489779998783
5,5,0,0,NA,22,1,0.06670093530000543,0.09998703009999588
5,5,0,0,NA,23,1,0.0666370392000033,0.049915075299992395
5,5,0,0,NA,24,1,0.03341507909999564,0.10000085830000671
5,5,1,0,24,24,1,0.08339691159999063,0.049981832499994994
5,6,0,0,NA,1,1,0.046101093299995455,0.43288898459999814
5,6,0,0,NA,2,1,0.03342103960000031,0.13322186470000474
5,6,0,0,NA,3,1,0.0334038735000064,0.13325810429999763
5,6,0,0,NA,4,1,0.03287601470000823,0.2337470054999926
5,6,0,0,NA,5,1,0.03337812419999864,0.11665105819999155
5,6,0,0,NA,6,1,0.03336095809999051,0.09990882870000917
5,6,0,0,NA,7,1,0.03339791300000172,0.09996819500000242
5,6,0,0,NA,8,1,0.03342199319999395,0.0999839306000041
5,6,0,0,NA,9,1,0.03347611430000086,0.09987401960000852
5,6,0,0,NA,10,1,0.03331804270000305,0.09990286829999206
5,6,0,0,NA,11,1,0.03337788579999312,0.11670708660000173
5,6,0,0,NA,12,1,0.03347301480000908,0.09989905359999796
5,6,0,0,NA,13,1,0.05004715920000535,0.3999428748999918
5,6,0,0,NA,14,1,0.06673288349999495,0.11656403540000326
5,6,0,0,NA,15,1,0.06669306759999927,0.08323001860000545
5,6,0,0,NA,16,1,0.03344202040000255,0.0833120345999987
5,6,0,0,NA,17,1,0.08334302900000523,0.3500068187999972
5,6,0,0,NA,18,1,0.033359050800001455,0.049917936299991084
5,6,0,0,NA,19,1,0.03337001799999939,0.09998607629999867
5,6,0,0,NA,20,1,0.03336310390000108,0.10000991820000138
5,6,0,0,NA,21,1,0.03347182280000993,0.09987401959999431
5,6,0,0,NA,22,1,0.06663608549999367,0.3666260242000021
5,6,0,0,NA,23,1,0.033406019300002754,0.08329701419999935
5,6,0,0,NA,24,1,0.03330516810000006,0.08331084249999776
5,6,0,0,NA,25,1,0.03324699410001131,0.10007286069999566
5,6,0,0,NA,26,1,0.05013704299999233,0.9499499796999942
5,6,0,0,NA,27,1,0.03332495689998893,0.09992218020001076
5,6,0,0,NA,28,1,0.050084829300004685,0.3833370209000009
5,6,0,0,NA,29,1,0.033385038399998734,0.28325200080000457
5,6,0,0,NA,30,1,0.05003690720000975,0.3166041373999917
5,6,0,0,NA,31,1,0.050112962800000105,0.31659507749999705
5,6,0,0,NA,32,1,0.03332614899998987,0.29997992510000415
5,6,0,0,NA,33,1,0.10006403929999408,0.28326392170001213
5,6,0,0,NA,34,1,0.05012202259999299,1.5832200050000012
5,6,0,0,NA,35,1,0.03340911860000517,0.199927806900007
5,6,1,0,35,35,1,0.6334581373999981,0.600049018799993
5,7,0,0,NA,1,1,0.10002398400000345,0.5726449489999936
5,7,0,0,NA,2,1,0.033373116999996455,0.06663704000000337
5,7,0,0,NA,3,1,0.033337832000000844,0.10000300400000128
5,7,0,0,NA,4,1,0.06664609899999618,0.09990811299999791
5,7,0,0,NA,5,1,0.03344893400000615,0.08341288600000496
5,7,0,0,NA,6,1,0.033285856999995644,0.09990716000000077
5,7,0,0,NA,7,1,0.08336615500000732,0.10001397099999565
5,7,0,0,NA,8,1,0.033318996999994965,0.0666379930000005
5,7,0,0,NA,9,1,0.03337717099999793,0.08325385999999924
5,7,0,0,NA,10,1,0.05011892299999943,0.11664295200000652
5,7,0,0,NA,11,1,0.03341007199999524,0.08328199400000358
5,7,0,0,NA,12,1,0.033295869999989236,0.11661601100000496
5,7,0,0,NA,13,1,0.033442973999996184,0.09995007500000952
5,7,0,0,NA,14,1,0.033387899000004495,0.11659502999999916
5,7,0,0,NA,15,1,0.033394099000005895,0.08326506599999561
5,7,0,0,NA,16,1,0.05009007400001053,0.399920939999987
5,7,0,0,NA,17,1,0.08341812999999831,0.3999218949999914
5,7,0,0,NA,18,1,0.03341889300000389,0.049885989000003406
5,7,0,0,NA,19,1,0.050112963000003674,0.7832460409999982
5,7,0,0,NA,20,1,0.08322310500000185,0.883337019999999
5,7,1,0,20,20,1,0.5832939149999987,0.5000708099999969
5,8,0,0,NA,1,1,0.04609894799999381,0.4356451029999988
5,8,0,1,2,1,1,0.050060987999998474,NA
5,9,0,0,NA,1,1,0.06672310799999082,0.5923528669999882
5,9,0,0,NA,2,1,0.03339409800000226,0.13332200100001046
5,9,0,0,NA,3,1,0.03338599200000658,0.11656379699999775
5,9,0,0,NA,4,1,0.03340601900001161,0.09995102899998187
5,9,0,0,NA,5,1,0.03334402999999497,0.11662912400001346
5,9,0,0,NA,6,1,0.03345107999999186,0.11665391899998667
5,9,0,0,NA,7,1,0.03334593799999652,0.0998599530000206
5,9,0,0,NA,8,1,0.03330898300001195,0.11672210699998686
5,9,0,0,NA,9,1,0.033409118000008675,0.09995388999999477
5,9,0,0,NA,10,1,0.033349036999993587,0.13325285999999892
5,9,0,0,NA,11,1,0.03331399000001056,0.11668896599999812
5,9,0,0,NA,12,1,0.03336000499999159,0.13335204099999487
5,9,0,0,NA,13,1,0.03320383999999876,0.11671710000001667
5,9,0,0,NA,14,1,0.050047159000001784,0.1167190079999898
5,9,0,0,NA,15,1,0.06668901500000857,0.0832858079999994
5,9,0,0,NA,16,1,0.06667494799998508,0.06664919799999325
5,9,0,0,NA,17,1,0.033412934000011774,0.08332204800001364
5,9,0,0,NA,18,1,0.033357142999989264,0.09993290899998897
5,9,0,0,NA,19,1,0.03335809700001846,0.449973822000004
5,9,0,0,NA,20,1,0.05003213899999537,0.1166739459999917
5,9,0,0,NA,21,1,0.05002808599999753,0.5831968779999954
5,9,0,0,NA,22,1,0.03336501100000078,0.08336091099999976
5,9,0,0,NA,23,1,0.033276081000025215,0.0999920369999927
5,9,0,0,NA,24,1,0.06679296500001897,1.0999588959999755
5,9,0,0,NA,25,1,0.06668806100000779,0.18325400399999126
5,9,1,0,25,25,1,0.1666510100000096,0.0999629490000018
5,10,0,0,NA,1,1,0.08334302899999102,0.519469977
5,10,0,0,NA,2,1,0.03335881300000665,0.06663107800000034
5,10,0,0,NA,3,1,0.06656408300000294,0.08333301499999379
5,10,0,0,NA,4,1,0.03333902299999636,0.08341002500000627
5,10,0,0,NA,5,1,0.033360004000002164,0.11668586799999048
5,10,0,0,NA,6,1,0.06672406200002001,0.0999369619999868
5,10,0,0,NA,7,1,0.033373116999996455,0.06656599100000449
5,10,0,0,NA,8,1,0.03331017499999689,0.10003685999998879
5,10,0,0,NA,9,1,0.033446074000011095,0.09995889600000396
5,10,0,0,NA,10,1,0.033343077000012045,0.09990692099998455
5,10,0,0,NA,11,1,0.0333731180000143,0.0833559029999833
5,10,0,0,NA,12,1,0.03327393499998266,0.11669087399999967
5,10,0,0,NA,13,1,0.033334015999997746,0.08329701500002784
5,10,0,0,NA,14,1,0.03337001799999939,0.21667098999998302
5,10,0,0,NA,15,1,0.03333496999999852,0.08327603399999361
5,10,0,0,NA,16,1,0.06668901499998015,0.0667190550000214
5,10,0,0,NA,17,1,0.03329396300000553,0.0666429990000097
5,10,0,0,NA,18,1,0.03328013399999463,0.26672792400000844
5,10,0,0,NA,19,1,0.04997587200000453,0.2667059899999913
5,10,0,0,NA,20,1,0.03340792699998474,0.08335423500000161
5,10,0,0,NA,21,1,0.03341698699998119,0.11656188900002462
5,10,0,0,NA,22,1,0.0500550270000133,0.28324603999999454
5,10,0,0,NA,23,1,0.03350901599998224,0.06655502300000649
5,10,0,0,NA,24,1,0.03341794000002096,0.0665159229999972
5,10,0,0,NA,25,1,0.03336405799998943,0.16655516599999487
5,10,0,0,NA,26,1,0.06674718900001153,0.4166448109999976
5,10,0,0,NA,27,1,0.0832390779999912,0.483400821999993
5,10,0,0,NA,28,1,0.09999608900000112,0.11673998900002402
5,10,0,0,NA,29,1,0.032988070999977026,0.10028386199999773
5,10,0,0,NA,30,1,0.10003590599998802,0.36660099000002333
5,10,0,0,NA,31,1,0.10009002699999314,0.2999560830000121
5,10,0,0,NA,32,1,0.03339695899998674,0.24994897900000979
5,10,0,0,NA,33,1,0.15003299700001094,0.3166389470000013
5,10,0,0,NA,34,1,0.03338599200000658,0.16658711399998083
5,10,0,0,NA,35,1,0.08336711000001173,0.5166459079999868
5,10,0,0,NA,36,1,0.06668114699999705,0.33329486799999586
5,10,0,0,NA,37,1,0.033395052000003034,0.28332686400000284
5,10,0,0,NA,38,1,0.06672000899999375,0.2333049770000173
5,10,0,0,NA,39,1,0.03337693199998171,0.21659612700000253
5,10,0,1,40,39,1,0.050015925999986166,NA
5,11,0,0,NA,1,1,0.079171180000003,0.3941099650000126
5,11,0,0,NA,2,1,0.09995698899999184,0.05023884799999223
5,11,0,0,NA,3,1,0.06667709299998137,0.05003810000002318
5,11,0,0,NA,4,1,0.06656885199998896,0.08336997000000679
5,11,0,0,NA,5,1,0.03338313099999368,0.08343505900000991
5,11,0,0,NA,6,1,0.03344106700001248,0.09986591300000214
5,11,0,0,NA,7,1,0.03339695900001516,0.09991288199998394
5,11,0,0,NA,8,1,0.03336501100000078,0.09997415499998397
5,11,0,0,NA,9,1,0.033406973000012385,0.09991598199999885
5,11,0,0,NA,10,1,0.03334689099997945,0.11666297900001155
5,11,0,0,NA,11,1,0.03342103999997903,0.11661911000001624
5,11,0,0,NA,12,1,0.033350944999995136,0.09995198200002164
5,11,0,0,NA,13,1,0.033421993999979804,0.08327603300000419
5,11,0,0,NA,14,1,0.033289910000007694,0.09998798300000544
5,11,0,0,NA,15,1,0.04996085100000869,0.08331918700000074
5,11,0,0,NA,16,1,0.033374072000015076,0.199958085999981
5,11,0,0,NA,17,1,0.033390999000005195,0.08334779699998762
5,11,0,0,NA,18,1,0.10009789500000466,0.09991216599999575
5,11,1,0,18,18,1,0.7166888719999918,0.6165909769999871
5,12,0,0,NA,1,1,0.06655907600000432,0.4862818720000064
5,12,0,0,NA,2,1,0.0999999040000148,0.08338212999998973
5,12,0,0,NA,3,1,0.0834300520000113,0.06661105199998474
5,12,0,0,NA,4,1,0.0666141509999818,0.06663680100001557
5,12,0,0,NA,5,1,0.06670403499998656,0.06675100300000736
5,12,0,0,NA,6,1,0.033315896999994266,0.09993696200001523
5,12,0,0,NA,7,1,0.0667631629999903,0.08328795400001354
5,12,0,0,NA,8,1,0.033353806000008035,0.08321404399998755
5,12,0,0,NA,9,1,0.06657409700000017,0.10008001299999592
5,12,0,1,10,9,1,0.03342914600000313,NA
5,13,0,0,NA,1,1,0.04999613760000088,0.5880289078000001
5,13,0,0,NA,2,1,0.033330917400000715,0.11667394639999884
5,13,0,0,NA,3,1,0.03342199319999928,0.11660599710000064
5,13,0,0,NA,4,1,0.03334689149999903,0.09997415539999999
5,13,0,0,NA,5,1,0.03345394130000123,0.11658501620000017
5,13,0,0,NA,6,1,0.03335690499999977,0.11656308179999897
5,13,0,0,NA,7,1,0.03335618970000098,0.08338403700000008
5,13,0,0,NA,8,1,0.03333592419999931,0.11659598349999989
5,13,0,0,NA,9,1,0.033290147800000724,0.10009193419999995
5,13,0,0,NA,10,1,0.0332820415999997,0.10003495209999969
5,13,0,0,NA,11,1,0.033308982800001274,0.0999739169999998
5,13,0,0,NA,12,1,0.033471107500000485,0.09996795659999869
5,13,0,0,NA,13,1,0.033302068700001186,0.3333089350999998
5,13,0,0,NA,14,1,0.04994010929999959,0.10005593299999838
5,13,0,0,NA,15,1,0.03334999089999968,0.09997296330000083
5,13,0,0,NA,16,1,0.033376932100001255,0.08333802219999953
5,13,0,0,NA,17,1,0.03337502479999799,0.08325600630000096
5,13,0,0,NA,18,1,0.033361911800000144,0.08326506610000095
5,13,0,0,NA,19,1,0.03338408469999976,0.06663894649999946
5,13,0,0,NA,20,1,0.033424139099999195,0.09995484350000083
5,13,0,0,NA,21,1,0.050896167699999495,0.4832918644000017
5,13,0,0,NA,22,1,0.050091028200000665,0.0823688507
5,13,0,0,NA,23,1,0.05003499990000293,0.06657695769999705
5,13,0,0,NA,24,1,0.05003094670000152,0.06668114659999702
5,13,0,1,25,24,1,0.05004692079999984,NA
5,14,0,0,NA,1,12,1.9166789049999977,0.5485041139999964
5,14,0,0,NA,2,1,0.033390999000005195,0.30004310600000395
5,14,0,0,NA,1,1,0.04997086499997749,234.362966061
5,14,0,0,NA,2,1,0.033442973999996184,0.09997415500001239
5,14,0,0,NA,3,1,0.0333929059999889,0.11659503000001337
5,14,0,0,NA,4,1,0.03338599200000658,0.09991002099999946
5,14,0,1,18,4,1,0.04997611099997812,NA
5,15,0,0,NA,1,12,1.9165620803999985,1.632508993150001
5,15,0,0,NA,2,1,0.03336906430000042,0.15009689330000064
5,15,0,0,NA,3,1,0.03345394140000124,0.11654090879999934
5,15,0,0,NA,4,1,0.18329095839999887,0.08330917360000001
5,15,0,0,NA,5,1,0.03334498409999931,0.08340001100000016
5,15,0,0,NA,6,1,0.033418178500001616,0.19995284079999998
5,15,0,0,NA,7,1,0.03337597849999874,0.06658291819999995
5,15,0,0,NA,8,1,0.03343701359999862,0.09986710550000133
5,15,0,0,NA,9,1,0.03335213660000136,0.0999648570999998
5,15,0,0,NA,10,1,0.033417940099999655,0.08329892159999908
5,15,0,0,NA,11,1,0.05010700230000076,0.34991598130000057
5,15,0,0,NA,12,1,0.03342390060000078,0.11652016639999907
5,15,0,0,NA,13,1,0.033390998900001634,0.09995889659999868
5,15,0,0,NA,14,1,0.0334708691000003,0.09988713259999926
5,15,0,0,NA,15,1,0.03334808349999996,0.09992003440000019
5,15,0,0,NA,16,1,0.06670403480000076,0.3332760333999989
5,15,0,0,NA,17,1,0.033376932100001255,0.16663789749999935
5,15,0,0,NA,18,1,0.04995703699999865,0.24999499319999963
5,15,0,0,NA,19,1,0.050019979500000034,0.28332805630000024
5,15,0,0,NA,20,1,0.03336095809999762,0.41670012480000196
5,15,0,0,NA,21,1,0.05008792870000178,0.3332889080000001
5,15,0,0,NA,22,1,0.033363103799999294,0.28329610830000007
5,15,0,0,NA,23,1,0.08346796040000015,0.2498559952000008
5,15,0,0,NA,24,1,0.10001111030000231,0.13327693939999818
5,15,1,0,35,24,1,0.616647005099999,0.5166358947999967
5,16,0,1,4,0,4,0.7333261970000535,NA
5,17,0,0,NA,1,21,3.1166081429000005,1.1838259697000009
5,17,0,1,22,1,1,0.06660819049999844,NA
5,18,0,0,NA,1,18,2.6460700035,0.43773484230000115
5,18,0,0,NA,2,1,0.05008697510000104,0.38328218459999874
5,18,0,0,NA,3,1,0.04999899870000135,0.16663289069999898
5,18,0,0,NA,4,1,0.033359050800001455,0.14993596069999882
5,18,0,0,NA,5,1,0.033247947699999614,0.1500821112999997
5,18,0,0,NA,6,1,0.05013585090000028,0.1999840736999996
5,18,0,0,NA,7,1,0.03334093089999968,0.09992504120000056
5,18,0,0,NA,8,1,0.06670689580000122,0.083233118099999
5,18,0,0,NA,9,1,0.08338117600000139,0.3166899680999986
5,18,0,0,NA,10,1,0.04995584490000127,0.1666460036999986
5,18,0,0,NA,11,1,0.033354043999999305,0.2666490077999999
5,18,0,0,NA,12,1,0.06663203239999937,0.2500419616000009
5,18,0,0,NA,13,1,0.03331494330000062,0.2000629901999993
5,18,0,0,NA,14,1,0.05012392999999982,0.5499582290999996
5,18,0,0,NA,15,1,0.05003595350000012,0.36654090879999934
5,18,0,0,NA,16,1,0.05005598070000161,0.3000071049000006
5,18,0,0,NA,17,1,0.033347845100003326,0.2665710448999974
5,18,0,0,NA,18,1,0.06665301329999807,0.18336009969999978
5,18,0,0,NA,19,1,0.049932956700001085,0.46668505670000116
5,18,0,0,NA,20,1,0.08331203460000225,0.2833809851999973
5,18,0,0,NA,21,1,0.03334784499999799,0.28329205520000045
5,18,0,0,NA,22,1,0.06674504280000093,0.36666011810000043
5,18,0,0,NA,23,1,0.04994893070000117,0.3499588966999987
5,18,0,0,NA,24,1,0.08328509329999889,0.8334159851000003
5,18,0,0,NA,25,1,0.033385991999999476,0.43330192570000037
5,18,0,0,NA,26,1,0.050019979500000034,0.3000111580000002
5,18,0,0,NA,27,1,0.09997296340000261,0.31661701199999825
5,18,0,0,NA,28,1,0.11674213410000078,0.3333258627999989
5,18,0,0,NA,29,1,0.1500091552999976,0.8332889080000001
5,18,0,0,NA,30,1,0.11677193640000283,0.5332779885000001
5,18,0,0,NA,31,1,0.050048112900000774,0.41663098329999926
5,18,0,0,NA,32,1,0.05002999310000078,0.7666478156999972
5,18,1,0,49,32,1,0.9166381359000013,0.8666081428000005
5,19,0,1,10,0,10,1.633365868999988,NA